659397009325282	https://scontent.fsgn8-4.fna.fbcdn.net/v/t39.30808-6/480910856_1080422857222693_3629305405979583859_n.jpg?stp=dst-jpg_tt6&cstp=mx1449x2048&ctp=s1449x2048&_nc_cat=110&ccb=1-7&_nc_sid=f727a1&_nc_eui2=AeFcY-E6Pedahbf5PUPhHY6fy1w3sRxAsrHLXDexHECysa9xPjc6yaubeXUljXlLBgf4dqmrNIiIDjU2bISqf1zS&_nc_ohc=LaAG5jDZ4HYQ7kNvwH-8Otm&_nc_oc=Adodwnh7y-bmSSn8kLFMxpDTGNN6uT2eIXyQIJ9qo1XBc7zFLcZRcUSbGH2tn9upmJ4&_nc_zt=23&_nc_ht=scontent.fsgn8-4.fna&_nc_gid=cqIvadDBWBo45lZIxlmHIQ&_nc_ss=7b2a8&oh=00_AQILuM2wSjODacHLI6PASRfSGS_ryYj4FtZ7gxjMW0wZlw&oe=6AA2A4DC
684817203449929	https://scontent.fsgn8-4.fna.fbcdn.net/v/t39.30808-6/480801519_1081301510468161_7298689343306754351_n.jpg?stp=dst-jpg_tt6&cstp=mx1414x2000&ctp=s1414x2000&_nc_cat=101&ccb=1-7&_nc_sid=f727a1&_nc_eui2=AeEorsF1AmDQLeImuKwcMXTAhZ_bZVIMoyiFn9tlUgyjKDG_eW452-Z1gR86KfRHwDc7raQkjLi-ietVN6Y7iuSu&_nc_ohc=mMp9wUCdTXIQ7kNvwEOZsaz&_nc_oc=AdocKP3pcao_oIxW7k7ZRAbaVaYjkiNAP4wInlj1rBkbHLaKDLsl0L44n2YjMtNUR2I&_nc_zt=23&_nc_ht=scontent.fsgn8-4.fna&_nc_gid=DJopOlBu6sWRieE-UuPKgQ&_nc_ss=7b2a8&oh=00_AQIr9hQ0Rhbi3d767AYND-KgYsV4NXP9CtIHwvBMNmMQcw&oe=6AA28E06
684817260116590	https://scontent.fsgn8-4.fna.fbcdn.net/v/t39.30808-6/480614209_1081301490468163_8789083311159279958_n.jpg?stp=dst-jpg_tt6&cstp=mx2048x1536&ctp=s2048x1536&_nc_cat=105&ccb=1-7&_nc_sid=f727a1&_nc_eui2=AeFJaL60sZmAxvGi29I_LM8gUQCKn5CVtT1RAIqfkJW1Pe6KvOYo2GJkoE3bj9PIScMsIHs7U-eR3vU0JvwgAV28&_nc_ohc=-y9Frm_RVCAQ7kNvwE9a8Gp&_nc_oc=AdrQK4lV70co_z1ljaHpOfWEN_5bAt8HZOMg8fPs8SB5M9mRVgjfthw7HkVqjvvukX8&_nc_zt=23&_nc_ht=scontent.fsgn8-4.fna&_nc_gid=dcLrByTo7OSHWaava3Xqew&_nc_ss=7b2a8&oh=00_AQIbKgYVW8rJMmhHQxSkJ5xt3mB8UHYML5r8hCe3gd2vNQ&oe=6AA2935C
684817206783262	https://scontent.fsgn8-4.fna.fbcdn.net/v/t39.30808-6/480570040_1081301397134839_4667415029334669923_n.jpg?stp=dst-jpg_tt6&cstp=mx2048x1536&ctp=s2048x1536&_nc_cat=100&ccb=1-7&_nc_sid=f727a1&_nc_eui2=AeEmKqKezjX7f6vjx2zKJYIwG7ZKeovcWI4btkp6i9xYjomVtpi3MNzaB6eGssqbpRDj8kGW3XgO-Xu0SlylaMf1&_nc_ohc=hIF-daeLMCUQ7kNvwG2BWOP&_nc_oc=Ado-nLiLK2-ciHuf4Noz32r2qfEIe8YNce9J8DuJ06B6NlvMaQcz2yFBcNRse-gNdSw&_nc_zt=23&_nc_ht=scontent.fsgn8-4.fna&_nc_gid=qNCAM4RJFQhwb2OBNbydBA&_nc_ss=7b2a8&oh=00_AQKo6zJrfg5uMTfmwDricIyYqBuk8aW0f1r-VcjH44p6dA&oe=6AA28123
684817243449925	https://scontent.fsgn8-4.fna.fbcdn.net/v/t39.30808-6/480521962_1081301493801496_5893583635775554478_n.jpg?stp=cp6_dst-jpg_tt6&cstp=mx1170x1888&ctp=s1170x1888&_nc_cat=100&ccb=1-7&_nc_sid=f727a1&_nc_eui2=AeEOiBhvLDGIEG7VmgNRu0_LJK-Z6DyHBoAkr5noPIcGgEg3Q3tk5qvJvxE9q9BBqdPIFOqDqbHH0Mq5Jbgqk8nT&_nc_ohc=N399tOTad1QQ7kNvwEHenap&_nc_oc=Adq0eYYO_gHANorR3geKv6I8x2-ge0hUS862oYTNf6BKmE5n-V_wtVluuIkQbJV3Ug0&_nc_zt=23&_nc_ht=scontent.fsgn8-4.fna&_nc_gid=AzI_2DagEQzV3i9jNVc3hg&_nc_ss=7b2a8&oh=00_AQIFgDImtTjGkfCmu2tGNweQo0bvs3yaxNwoJVgR-Sd6hg&oe=6AA28AAB
786727456592236	https://scontent.fsgn8-4.fna.fbcdn.net/v/t39.30808-6/481699010_1092522122679433_8413192233503723734_n.jpg?stp=dst-jpg_tt6&cstp=mx2000x1545&ctp=s2000x1545&_nc_cat=103&ccb=1-7&_nc_sid=f727a1&_nc_eui2=AeGUaRgrQ9ZCcAxpeqfPsmE7Nu9gTni8SYk272BOeLxJib42WsDa2ZPhgrn-jqkrlbchb9UYm2VtLcZwqTHDreaT&_nc_ohc=p4ueP1MlEcoQ7kNvwEQZQ47&_nc_oc=AdqeYKwuAfBt4d0IOj529HUCJLoWEDW2p6AarL0FIyh4d-lhbC0ZH54RYIPe93GsNKI&_nc_zt=23&_nc_ht=scontent.fsgn8-4.fna&_nc_gid=rm0KOzaXm9-xJINDdJb9_g&_nc_ss=7b2a8&oh=00_AQKOLY519Q-YSeHL71VaWGzOFeSXIB3h85YFh4lzqevbng&oe=6AA2A482
791952496069732	https://scontent.fsgn8-4.fna.fbcdn.net/v/t39.30808-6/482227234_1092538836011095_1259208420571451470_n.jpg?stp=dst-jpg_tt6&cstp=mx2048x2048&ctp=s2048x2048&_nc_cat=101&ccb=1-7&_nc_sid=f727a1&_nc_eui2=AeELf2Kv8REfxhRbu4kjj5jtXNMtdReRRc5c0y11F5FFzru8pKspqqXkFa08T_KXwNGXrqNrFxDo6PZ6HvxSf0ez&_nc_ohc=MYdiQqz4i70Q7kNvwE3LfwZ&_nc_oc=Adrq5xJzjF0zGM8pNoTdlpgOzn6B95BqLbmVcPP80s6zmkapU4KFNITD9XBG49bSTGA&_nc_zt=23&_nc_ht=scontent.fsgn8-4.fna&_nc_gid=faukZkeQFiP7R9WkdzKkvA&_nc_ss=7b2a8&oh=00_AQLd-7fB_ztLOWZkp-xL_0En7Q4tkcFMdxY13yujHnL7Bg&oe=6AA2A42F
791952409403074	https://scontent.fsgn8-4.fna.fbcdn.net/v/t39.30808-6/481706127_1092538876011091_5431132900119628806_n.jpg?stp=dst-jpg_tt6&cstp=mx2048x2048&ctp=s2048x2048&_nc_cat=109&ccb=1-7&_nc_sid=f727a1&_nc_eui2=AeEX15DNf3d1l32Azx8agUfxPbXtw43VQmk9te3DjdVCaRp2cA0v2wz8pQckEqEU-boL0cab6VI8QXiqHPtdPxhz&_nc_ohc=tkYNGf-0FDMQ7kNvwEuCY7i&_nc_oc=AdrhTRIeUG05zKFT1-P0FzNp_70h1CuH1a47gCQgNqQ21friOZWx7tGC3Gx8zHk4bK4&_nc_zt=23&_nc_ht=scontent.fsgn8-4.fna&_nc_gid=K2WymMuFc6b9YGssPr-K-w&_nc_ss=7b2a8&oh=00_AQKpLzU_eojJmhEhOJjxqh_Mq9eUVQlbARECYHkbWY5Syw&oe=6AA28907
791952466069735	https://scontent.fsgn8-4.fna.fbcdn.net/v/t39.30808-6/481708721_1092538832677762_5387065262118662171_n.jpg?stp=dst-jpg_tt6&cstp=mx2048x2048&ctp=s2048x2048&_nc_cat=108&ccb=1-7&_nc_sid=f727a1&_nc_eui2=AeE4S_wkgdNVYMMQhoRiwNvTZRSuo4zzBEllFK6jjPMESTFaJbLTc3QnoKuOWNEh57wfBv1jxU27P2AGrLPrxTK-&_nc_ohc=5xLiMzXH4kMQ7kNvwGEAJFv&_nc_oc=AdrwqZKImFtEE1uR5DQrmhWlDGyN_VN12trOUO_kf8VCRhLZvu0YrHb927xzDy9XuXk&_nc_zt=23&_nc_ht=scontent.fsgn8-4.fna&_nc_gid=95JILUTIsupSx9RSH-n5Zw&_nc_ss=7b2a8&oh=00_AQJdn2dibVw4wrFEWdNrn_0e48fl18IEhNNp-8rFAFwjfA&oe=6AA27DCE
791952426069739	https://scontent.fsgn8-4.fna.fbcdn.net/v/t39.30808-6/481996905_1092538842677761_8153935416963180155_n.jpg?stp=dst-jpg_tt6&cstp=mx2048x2048&ctp=s2048x2048&_nc_cat=110&ccb=1-7&_nc_sid=f727a1&_nc_eui2=AeGKxEHPLPCmcw377-QKLaGMM3yepJrlLqMzfJ6kmuUuozwHxvaVojMixow1tmo0rysUhz7ZBSHExaKYakQF_GiQ&_nc_ohc=9m5YVWNn6KwQ7kNvwEHQL0y&_nc_oc=Adr_UpyoK1lasG5Xnb2c898LRvfY5AzeYx_fkGnLHY5nWlJV2Lx6Ahr-2G5zQRuyWjE&_nc_zt=23&_nc_ht=scontent.fsgn8-4.fna&_nc_gid=zsLjvL47EYCOyFaiQW9mnA&_nc_ss=7b2a8&oh=00_AQKnpUXSXjEjtF7xmmPM_HNO1JP0zANJFCjw5PvZ2hdKYg&oe=6AA28EBF
791952582736390	https://scontent.fsgn8-4.fna.fbcdn.net/v/t39.30808-6/481949373_1092538839344428_4930354044735334423_n.jpg?stp=dst-jpg_tt6&cstp=mx2048x2048&ctp=s2048x2048&_nc_cat=109&ccb=1-7&_nc_sid=f727a1&_nc_eui2=AeFh53OaxIbgSguIDtzbloGAClFmqR18KasKUWapHXwpq89cn2D96KzRktVkv2cr5uOE37i-UBBx0NVrK26z4KNL&_nc_ohc=EIbO0fCzM3kQ7kNvwGsaQIk&_nc_oc=AdqNz7_NJkwoXTgtMLMvaZrvA93Ec8wq2Ol2KYJs6bkHntCYRADo-O8_tLwuzJ2YkAA&_nc_zt=23&_nc_ht=scontent.fsgn8-4.fna&_nc_gid=_NOmCec6Lva15GQ2DYkLwg&_nc_ss=7b2a8&oh=00_AQKi6N7wRofoZa_yYk5iUH6Cnyl2v52re_SHpYHTnkNLAQ&oe=6AA29D2D
791952469403068	https://scontent.fsgn8-4.fna.fbcdn.net/v/t39.30808-6/482980068_1092538846011094_4420596625506005944_n.jpg?stp=dst-jpg_tt6&cstp=mx2048x2048&ctp=s2048x2048&_nc_cat=109&ccb=1-7&_nc_sid=f727a1&_nc_eui2=AeGb6rRbesEBU10H30U7SuNgdNa8KaTu4-J01rwppO7j4hzYVWHe3gjCaBZPTtTNn2e4v3pULCqqTGStKt2d-tgk&_nc_ohc=X5N-w29-VmcQ7kNvwEjqTNg&_nc_oc=AdpsRtRZbXkDM2Jl51qRsYReOTsefMPgJF4kS-5RPMnsMdePyO5uFRIiH5INTd47E2o&_nc_zt=23&_nc_ht=scontent.fsgn8-4.fna&_nc_gid=bQt0OMJ8mZUDbbDhUjo8HA&_nc_ss=7b2a8&oh=00_AQK7T_rpiFrMp-Cp6KTjo2dH7ocNe3nB94pGyU1DFY4hEQ&oe=6AA28439
792647106000271	https://scontent.fsgn8-4.fna.fbcdn.net/v/t39.30808-6/481999141_1092540909344221_7375994731126612953_n.jpg?stp=dst-jpg_tt6&cstp=mx1448x2048&ctp=s1448x2048&_nc_cat=111&ccb=1-7&_nc_sid=f727a1&_nc_eui2=AeEf_r6NuOnJ1en2rYXKnF7e_hNtGeLcEsX-E20Z4twSxWHKSeJ2K1Id4lNCezTYR1JtI3NG1QJ94sCmE_ETuQMl&_nc_ohc=y1aau1mXDSkQ7kNvwF_zAVq&_nc_oc=AdrCB24CXHHVi-_QRmea6aLvbn0oVoGMtMuL1QQfxX1uoZ5bK_tjutLqOuls79amZMU&_nc_zt=23&_nc_ht=scontent.fsgn8-4.fna&_nc_gid=7s0hROQSphXhjEAfwjpRHQ&_nc_ss=7b2a8&oh=00_AQJzTvbr7UxZpUU-xaJSbzJbogZBb6lxbsPx8bwg9__99g&oe=6AA27D9E
796306245634357	https://scontent.fsgn8-4.fna.fbcdn.net/v/t39.30808-6/482005257_1094031779195134_1280228834965202755_n.jpg?stp=dst-jpg_tt6&cstp=mx1000x1500&ctp=s1000x1500&_nc_cat=108&ccb=1-7&_nc_sid=f727a1&_nc_eui2=AeEDC2lkblnOw5ClFgbhCkR0JYd5uVaLfDklh3m5Vot8OcoHfZ70cneClZV37yiPxuedRekJHSkVT8nRbJa5QmWz&_nc_ohc=1vZPlKkzmd0Q7kNvwHHAKgE&_nc_oc=AdpDvRPBFjaZr-VtXmgEIXu1NQ02MbtI44EAvIS3NOCYgRI-a_NStgGn4syv-l0qXY8&_nc_zt=23&_nc_ht=scontent.fsgn8-4.fna&_nc_gid=PSO59wzr7SHl6G2FEIUixQ&_nc_ss=7b2a8&oh=00_AQIInZYYwambCHbgCwpcLibuAAICrOYVqqzE1qCbXyTFig&oe=6AA2A559
796838562247792	https://scontent.fsgn8-4.fna.fbcdn.net/v/t39.30808-6/482006766_1094033472528298_2567395602519561458_n.jpg?stp=dst-jpg_tt6&cstp=mx1080x1080&ctp=s1080x1080&_nc_cat=108&ccb=1-7&_nc_sid=f727a1&_nc_eui2=AeGcwzCgoFvznE2zC1ujwVwT1yZ4wJWkZwzXJnjAlaRnDNkQY6ivvsu5Z8eZd9dMNpGMRPe7OhJU2k62VSpR1q7G&_nc_ohc=whcq59zD6v8Q7kNvwHIQoYr&_nc_oc=Ado7pIxGgPx4UJTRwKzhseuZR0b-X_s_AoCkAjJj6GaR0OnmyscB0O1bho7S2zm1Pm4&_nc_zt=23&_nc_ht=scontent.fsgn8-4.fna&_nc_gid=hItQWE_nTMO_6qfNrZbJeQ&_nc_ss=7b2a8&oh=00_AQJg3eskElb2oc6w18gQNMhZXT3F-zhwhzDhHkMhOitEJQ&oe=6AA29135
796838612247787	https://scontent-sin2-1.xx.fbcdn.net/v/t39.30808-6/483802608_1094033249194987_7187547199032592013_n.jpg?stp=dst-jpg_tt6&cstp=mx1080x1080&ctp=s1080x1080&_nc_cat=102&ccb=1-7&_nc_sid=f727a1&_nc_eui2=AeGbb49GCHL1HAuki81VSECgzPOC4l_HCuLM84LiX8cK4pMwa7o25AcYzK1CpaKt0Hb5D60WHBPJTVMBA2Gd0Zkw&_nc_ohc=tNkYrER0BDcQ7kNvwHm_afX&_nc_oc=AdqCGWRNDPHN4ILMsXtazPHJy_Ovx6CVjstqJsu03PL8HcvRWJnUHfV-Y6Yov8kKMqE&_nc_zt=23&_nc_ht=scontent-sin2-1.xx&_nc_gid=MDJmpPoXOJubos0RcBFs5g&_nc_ss=7b2a8&oh=00_AQJxDyfv-3W40HrXemHDkPIoFl3YEkv7G1lJ3MoAU7GQ6g&oe=6AA29B45
796838662247782	https://scontent-sin6-1.xx.fbcdn.net/v/t39.30808-6/483828083_1094033309194981_8404579723610772494_n.jpg?stp=dst-jpg_tt6&cstp=mx1080x1080&ctp=s1080x1080&_nc_cat=111&ccb=1-7&_nc_sid=f727a1&_nc_eui2=AeFVLc6PTTHvAL0NSTpej8GnyEd0dbR1gGXIR3R1tHWAZfFlG5FhQM7ROCMR-N4Kg-lbim1pInucWAb8f888Nq5o&_nc_ohc=OpRFNZkNJL4Q7kNvwFHumZA&_nc_oc=Ados9NRvtl9XVTSAonpIhwxMzpEYMGHJUMrMtNrNcDnMOy-BWT_JjZePflIIjPcb5FA&_nc_zt=23&_nc_ht=scontent-sin6-1.xx&_nc_gid=4ueV5p_EfVAW-ZG_aheElg&_nc_ss=7b2a8&oh=00_AQInDkXKlg97eKGQfQsO0FQfl2EnhhtCa9CGDR7s0Zm7AQ&oe=6AA29FE5
796838712247777	https://scontent-sin6-3.xx.fbcdn.net/v/t39.30808-6/481998680_1094033409194971_6615802171236614258_n.jpg?stp=dst-jpg_tt6&cstp=mx1080x1080&ctp=s1080x1080&_nc_cat=110&ccb=1-7&_nc_sid=f727a1&_nc_eui2=AeHKiTan5CSC3i9pTxXIHJpexH-Q8J4YVWXEf5DwnhhVZaFETM9umRP9R770sURuSohbCry_W5GUojbS2hoyttNc&_nc_ohc=rGemZAjvZnwQ7kNvwHNBAx9&_nc_oc=Adp8x_SvqbDzYl32IH4soiMBBKeybqMuzLNXwJaBpoeqMGInZ3MySvwxPMHn2ng9sng&_nc_zt=23&_nc_ht=scontent-sin6-3.xx&_nc_gid=FpB3toHazeeaH-XpwSKydA&_nc_ss=7b2a8&oh=00_AQLLwG0xX7IlfrXbtWsHki-_e1q04DRwPxQWAzGKo_tlTg&oe=6AA27B1A
800111871920461	https://scontent-sin6-3.xx.fbcdn.net/v/t39.30808-6/482023551_1094351499163162_8657470637936022668_n.jpg?stp=dst-jpg_tt6&cstp=mx1880x1576&ctp=s1880x1576&_nc_cat=110&ccb=1-7&_nc_sid=f727a1&_nc_eui2=AeEZd18FF5IaCf8CItQRbvAzWEbdnpVugL5YRt2elW6AvhWeONLJ1NPT2s1tnbMhwbthqb_k5QoCBP6HScbpZswq&_nc_ohc=ecy9YcEgj2AQ7kNvwHwxA1s&_nc_oc=AdokbuyLGYui_RbFKxo5Q9QWuMn1H56fhdrJexZGZWLXIsEDUYlo1EyCDAu4owcMtII&_nc_zt=23&_nc_ht=scontent-sin6-3.xx&_nc_gid=Ot8Y5oPU4d-HhXbA8lEIIw&_nc_ss=7b2a8&oh=00_AQJKZ0ksQQzEtAnU26yhgwzQT3-RFyiClz0bXCpPpl-32A&oe=6AA2AFAD
800111901920458	https://scontent-sin11-1.xx.fbcdn.net/v/t39.30808-6/482223162_1094351495829829_8892965386696507760_n.jpg?stp=dst-jpg_tt6&cstp=mx1880x1576&ctp=s1880x1576&_nc_cat=105&ccb=1-7&_nc_sid=f727a1&_nc_eui2=AeHknMAAoUDG7K78ArJWKv7-LE_y-4TEx84sT_L7hMTHztGk9PTXX9Wy0Klsg6RRrhNxEouAVXQTRyMZOMXhvooV&_nc_ohc=Q0jQlKuZBlMQ7kNvwFMRyvA&_nc_oc=AdqqAU4vip3Q1LeNgR1QPGeVPqNGKXJBgD1CYiBbLwd9Y9na2M4g2k25_3JD4Yc3CJE&_nc_zt=23&_nc_ht=scontent-sin11-1.xx&_nc_gid=rczJDqd5tv-wkiif2gTQ5Q&_nc_ss=7b2a8&oh=00_AQKaDAXOK9qzANjb3E-nq4QJ_0bX7Y9u0D-h5VAS-RDQhQ&oe=6AA29E20
800112011920447	https://scontent-sin11-1.xx.fbcdn.net/v/t39.30808-6/482067529_1094351489163163_8269493815539826028_n.jpg?stp=dst-jpg_tt6&cstp=mx1880x1576&ctp=s1880x1576&_nc_cat=104&ccb=1-7&_nc_sid=f727a1&_nc_eui2=AeFtSpWZF-xgxD_A--xsip4VRF4gxeHdpTdEXiDF4d2lNwaZXoHI6sPSBiOf2H1b4QWN85-cUcJHhi5jbUDvc3un&_nc_ohc=qDFnHyQDm0gQ7kNvwFteyU9&_nc_oc=AdrHv68W2tUlPCvQknIsEzaRcaySP72x8yfxKJ4De01ykUyRujJ7T3zxYo0d5BeLoDU&_nc_zt=23&_nc_ht=scontent-sin11-1.xx&_nc_gid=n7qv6SegvdtBT5KDUFKJfg&_nc_ss=7b2a8&oh=00_AQKerHq7xmEfJOIGerfu0FNpoO2y0FscJDIS8xo9o7swFw&oe=6AA29B6E
800112075253774	https://scontent-sin2-1.xx.fbcdn.net/v/t39.30808-6/482239041_1094351539163158_8243702730833824304_n.jpg?stp=dst-jpg_tt6&cstp=mx1880x1576&ctp=s1880x1576&_nc_cat=100&ccb=1-7&_nc_sid=f727a1&_nc_eui2=AeGHZ3E1qIwYC54TEOrvFuPJJeYn4hZ6L7gl5ifiFnovuGGnLyDEol895SIwVWP8LN8ZVx2lgx1X_z_sknl1RWTe&_nc_ohc=EuJCiEdJqEUQ7kNvwHkgOto&_nc_oc=Ado45QRm4bgx6qpjmCBMcanRcb3ANLdFzQMf04s_AtmdKNQ19qV4ppDt9JrbauZdKDs&_nc_zt=23&_nc_ht=scontent-sin2-1.xx&_nc_gid=WpSEEhuZSXSGFy1J4JBM7A&_nc_ss=7b2a8&oh=00_AQJXUm26_NJ2IKhD6pXXEaRM2760zJX9vcxlDwweT3950g&oe=6AA2AFC0
800112228587092	https://scontent-sin11-2.xx.fbcdn.net/v/t39.30808-6/482206820_1094351389163173_9103336074735374570_n.jpg?stp=dst-jpg_tt6&cstp=mx1880x1576&ctp=s1880x1576&_nc_cat=101&ccb=1-7&_nc_sid=f727a1&_nc_eui2=AeFJCM2eF9BwFduIxUJLj4TNSdDtpoqYHJhJ0O2mipgcmDmKdJsmLujh1Eef4K3QDAfkI2keLaJM5BejwdNxG9yA&_nc_ohc=TjpBhqL1E3IQ7kNvwG5Nlvk&_nc_oc=Adpg-DDfmfjxV4A0Qr9RBOo3q7SCm3MGhKg7hsDOZOykd1aWXqnf1tXTXvGNiNUaAsw&_nc_zt=23&_nc_ht=scontent-sin11-2.xx&_nc_gid=Dkcx5dghneBJlqtNhWJW_w&_nc_ss=7b2a8&oh=00_AQLt6WMhhmI6gSlolrJcqG4CmH20O5UmbQIOcAoQjMpB_A&oe=6AA28235
800112548587060	https://scontent-sin11-1.xx.fbcdn.net/v/t39.30808-6/482222970_1094351472496498_1840103550134549471_n.jpg?stp=dst-jpg_tt6&cstp=mx1880x1576&ctp=s1880x1576&_nc_cat=105&ccb=1-7&_nc_sid=f727a1&_nc_eui2=AeFgw1FmWmqSIannvwiAanajnl2GXXYjyZKeXYZddiPJkriSYN1GD1FmdjPhVbYbX_7ZT6S_j1o5_7T0km-GsJfq&_nc_ohc=BdRHvhSKykwQ7kNvwElJln6&_nc_oc=Adodmv2MSSmKWyXXPUwQ7JoVbu6u1Q92E7QKYpIsQFMfWNmr3vdEGlfmd0QuvY4YsPg&_nc_zt=23&_nc_ht=scontent-sin11-1.xx&_nc_gid=9fuvSge71ByTKBW9CPQaCw&_nc_ss=7b2a8&oh=00_AQJOx-tYT1OmBATH5FeBSXfJPubWwCP4tGBkY0lLMABEpA&oe=6AA2917B
800112591920389	https://scontent-sin11-1.xx.fbcdn.net/v/t39.30808-6/482004424_1094351515829827_4227859156037267941_n.jpg?stp=dst-jpg_tt6&cstp=mx1880x1576&ctp=s1880x1576&_nc_cat=105&ccb=1-7&_nc_sid=f727a1&_nc_eui2=AeEfWREB_6WbMigkE5ynZEVXrUvOS41JUqatS85LjUlSpoNk8m61XKVfKC_TZb4lFfPhWJ95p-MTKb8PfcGmTT9w&_nc_ohc=3v6fvuNWuC4Q7kNvwGkrmLB&_nc_oc=Adomw7BGh90AH1T8wIKx_NIgxbCy02YjHcN9AOjCNsGENGfMOVmkuygeehCuuqUtWoY&_nc_zt=23&_nc_ht=scontent-sin11-1.xx&_nc_gid=eWsiFewQMx_HTPAi8RdZHw&_nc_ss=7b2a8&oh=00_AQIULsYYzDEncCA8GyUWH18rrV_t59y2lu62TvKEphVgkA&oe=6AA2B0D1
818386320093016	https://scontent-sin6-2.xx.fbcdn.net/v/t39.30808-6/482221422_1095558969042415_5203128939832855015_n.jpg?stp=dst-jpg_tt6&cstp=mx2048x1717&ctp=s2048x1717&_nc_cat=109&ccb=1-7&_nc_sid=f727a1&_nc_eui2=AeFomY5mGc-9iKE7f41Nm3vfMgYQwSmIHvAyBhDBKYge8H77UHrPT-67L9D_ynP5r_L5_twILvA4jp9JjyfmTjh5&_nc_ohc=e2qiWnjk_TUQ7kNvwE05w4N&_nc_oc=Adq7r_NKRQRTM6RWUTjWa9XZGKP0cj8wNSHR_-linuTmjlJ0qwnUz6rHeZgyEJ9KLZo&_nc_zt=23&_nc_ht=scontent-sin6-2.xx&_nc_gid=1U3OoT-zOAiwACX6in_AEw&_nc_ss=7b2a8&oh=00_AQLAjrw2TZSUWdc2ckI93fqz_SFe3Eq0939nC5YdH2H3sw&oe=6AA285BE
818386350093013	https://scontent-sin2-3.xx.fbcdn.net/v/t39.30808-6/482217313_1095558739042438_1961466874896104762_n.jpg?stp=dst-jpg_tt6&cstp=mx2048x1717&ctp=s2048x1717&_nc_cat=107&ccb=1-7&_nc_sid=f727a1&_nc_eui2=AeFau_Z_05gq4CkwmeZx2isMF0iahrvedMYXSJqGu950xgf9eUeLtNw6-nBinkylKfZdYqtSEKmNb8Vy7Ab5F2Er&_nc_ohc=y0CtrxgDjWgQ7kNvwGU61Xm&_nc_oc=Adr5WeHWJ-voSc8-fjVMUI9T2n5DOJ4N2Acmi-QSGmvJ5ixdcl5j0UZ33QLIjootbJU&_nc_zt=23&_nc_ht=scontent-sin2-3.xx&_nc_gid=FONbSs0kRhkzFSh17IkvtA&_nc_ss=7b2a8&oh=00_AQKIYHQns8mK5emjxGE-0hvKwYXX8b2iGcay8Td2p8Nlhg&oe=6AA2AC92
818386416759673	https://scontent-sin6-3.xx.fbcdn.net/v/t39.30808-6/482250282_1095558735709105_7419807586936510006_n.jpg?stp=dst-jpg_tt6&cstp=mx2048x1717&ctp=s2048x1717&_nc_cat=110&ccb=1-7&_nc_sid=f727a1&_nc_eui2=AeFRW10hpyLoxEq_FUxKyqu6LeZ6_u25HuUt5nr-7bke5QSw21DHT4Mzu9NZgsZIcJFD1X9FZhIsyAEinbUeNvKK&_nc_ohc=6J6jne8n2rAQ7kNvwGUWAec&_nc_oc=AdpIUkOjkgp0W3vUI-GEEiw7w4O0273ZUQOAsfnt6yAi2bJ_VyPS0idoryb_LrGC2RQ&_nc_zt=23&_nc_ht=scontent-sin6-3.xx&_nc_gid=uyXHjH1BGnR2GtNXNI_nhw&_nc_ss=7b2a8&oh=00_AQJhVj6tXEayJ_F7B62dUrGjL4TdyQbdtM_Ifkd6pQpvYw&oe=6AA2B1F9
818386483426333	https://scontent-sin2-3.xx.fbcdn.net/v/t39.30808-6/482228196_1095559039042408_1848373073032457036_n.jpg?stp=dst-jpg_tt6&cstp=mx2048x1717&ctp=s2048x1717&_nc_cat=107&ccb=1-7&_nc_sid=f727a1&_nc_eui2=AeGvyCGT-_v7WxVj1-uwT0Qh_fpc-PAk4_v9-lz48CTj-y4a0TygcsZQw0yNDfsqvYySsOw76Oq5N6k0u8ahte-6&_nc_ohc=MH9sgGzJopAQ7kNvwHXf7sA&_nc_oc=AdqfMwaZ5U84GYs3c7c1X6i0XpEjyblFRrJM_saHTRJHWI_jwtH1lwIwQuYIvRYdoV4&_nc_zt=23&_nc_ht=scontent-sin2-3.xx&_nc_gid=Jv-zruIrwLghHypAVeUgCg&_nc_ss=7b2a8&oh=00_AQLpXwbCBwuKeirxT1Zuj4nov4SpboEEMCmNiqxxSx0AEA&oe=6AA27DB2
823942789537369	https://scontent-sin6-1.xx.fbcdn.net/v/t39.30808-6/482223787_1095573302374315_4340958313789430860_n.jpg?stp=dst-jpg_tt6&cstp=mx2000x2000&ctp=s2000x2000&_nc_cat=111&ccb=1-7&_nc_sid=f727a1&_nc_eui2=AeEvQt9BVem5ZgyHoS16HItpVkFKRTogFo1WQUpFOiAWjeRIevBnC5IovDnNwGq24xjoHN1qK4KMN2jDKWcb5eTv&_nc_ohc=l7Q_x7kRZJ8Q7kNvwE6aDpl&_nc_oc=AdrVDwpD7jI9RnZ1jBkb9O6RPW2eswQa8IxBTQ7Jp2Tog4NvTGgOrnhC2k8wBNr1zO4&_nc_zt=23&_nc_ht=scontent-sin6-1.xx&_nc_gid=DU7EQlJmjs7a1_U8y_YELg&_nc_ss=7b2a8&oh=00_AQJPD4LEv3smpHZdkL4NOOZ1nmuKfJMYj8MHTKAzB52ydw&oe=6AA28B5D
823942812870700	https://scontent-sin11-1.xx.fbcdn.net/v/t39.30808-6/482057978_1095573232374322_7864627566151702404_n.jpg?stp=dst-jpg_tt6&cstp=mx2000x2000&ctp=s2000x2000&_nc_cat=105&ccb=1-7&_nc_sid=f727a1&_nc_eui2=AeEWlWcxMxuIVJIibTSHHDqN62KQgYAFIWPrYpCBgAUhY4xBMEIX4bKp0kIDI73BrcOVEROpo7ioZm1kx2wELSbG&_nc_ohc=lHUPcIgARokQ7kNvwFKzQXe&_nc_oc=Adp7IURtsm1F-MBjabgWIoChRxjBX4on8nGvSSbDWAPsosiVmYCpRGXFrxghAXEr54Y&_nc_zt=23&_nc_ht=scontent-sin11-1.xx&_nc_gid=OU7mEy42lM4_YgO4WRLI-g&_nc_ss=7b2a8&oh=00_AQIe9IrxhuCy6xRUuUq-oQsCFAaLEXXMvVMkbmm69WH68g&oe=6AA29C4A
823942876204027	https://scontent-sin2-1.xx.fbcdn.net/v/t39.30808-6/482053779_1095573305707648_326475195060538158_n.jpg?stp=dst-jpg_tt6&cstp=mx2000x2000&ctp=s2000x2000&_nc_cat=100&ccb=1-7&_nc_sid=f727a1&_nc_eui2=AeHdc7g50u7Ki_Z6gTbh95b5KCB6GeZTixgoIHoZ5lOLGJll1Kccp53hBhoOpfYK-AGULStkv9AqxE-ZNtRsGuV5&_nc_ohc=IzaySFkJWTkQ7kNvwH3uUaP&_nc_oc=AdqcWMe4MMCeyIvvtkKp3lrOJgB4mXGFSxs5FqcdKUQ9cMPgFNQBPTr2gbEu8asbo3g&_nc_zt=23&_nc_ht=scontent-sin2-1.xx&_nc_gid=jiaS7HdT2L2OoXWXrHUqFw&_nc_ss=7b2a8&oh=00_AQK4fzD3j6WYiPBcEPoP_qS9KHSAqoTpweRVzCLF11LHBw&oe=6AA2A788
823942882870693	https://scontent-sin6-3.xx.fbcdn.net/v/t39.30808-6/482249989_1095573189040993_787091707571049267_n.jpg?stp=dst-jpg_tt6&cstp=mx2000x2000&ctp=s2000x2000&_nc_cat=110&ccb=1-7&_nc_sid=f727a1&_nc_eui2=AeHQTcSS4LRFSGOahJqHr9LLy0FoIgGF8JPLQWgiAYXwk9VDjK0jUI_iRcQ8VNCofA8KPNEoM0sRo3oJ6AJ0Gx4h&_nc_ohc=ihG9t98M_zUQ7kNvwFEdKlk&_nc_oc=AdptDHOAXK_WcLPdOBDUYmqiyGihMSyu0GbwzD0xrjeVLIZ4PPZplqciTF_ChYNehAA&_nc_zt=23&_nc_ht=scontent-sin6-3.xx&_nc_gid=ooqY2EVJapp18vBPCLGSIw&_nc_ss=7b2a8&oh=00_AQLnyoSuUvtrKAq6zJ6kQGZ1Z8_mLRd0yYWKZRyskdJyeQ&oe=6AA297CC
823942886204026	https://scontent-sin11-1.xx.fbcdn.net/v/t39.30808-6/482246839_1095573325707646_1228346753086799755_n.jpg?stp=dst-jpg_tt6&cstp=mx2000x2000&ctp=s2000x2000&_nc_cat=105&ccb=1-7&_nc_sid=f727a1&_nc_eui2=AeEzLkB_WA4iMhDAbRj4te6D_46jxTqTn8D_jqPFOpOfwHc_CQdOnIlDYOXj6dUj5l2HXJUtFZA-46XSRsEbMGce&_nc_ohc=g8l7oSbaCd4Q7kNvwE22Th8&_nc_oc=AdpeNjFK-W2O7M1jDY9Uos8YwC6S3kdqVIUSl4BsO3NHr_DramCnelWroStipMMEop4&_nc_zt=23&_nc_ht=scontent-sin11-1.xx&_nc_gid=Oh3VX84m0Y7L8z2Hi4qjtw&_nc_ss=7b2a8&oh=00_AQJ578pDzqmsQqOcGG0VQAnRPWPml6n5IoIUhAo-L7ouGg&oe=6AA292F9
823942986204016	https://scontent-sin11-1.xx.fbcdn.net/v/t39.30808-6/482067532_1095573239040988_4185858143473168606_n.jpg?stp=dst-jpg_tt6&cstp=mx2000x2000&ctp=s2000x2000&_nc_cat=105&ccb=1-7&_nc_sid=f727a1&_nc_eui2=AeGw8hQWFD86KoPsNH_A8aJH7zS58lSymUnvNLnyVLKZSU5T7_2H4PdG1ATW8xmBKCXksKqcrwXZHWfZ2_3-1jPw&_nc_ohc=kwfcaXdFujgQ7kNvwH15T_1&_nc_oc=AdqejWn8ddNIu_uWkZuem9EZ9ZD-HSpxr49OZo3XXFZmxuPJfLvRg9oVphsp79-icPU&_nc_zt=23&_nc_ht=scontent-sin11-1.xx&_nc_gid=2pqCsVXE5mYhP0HwhXsY3w&_nc_ss=7b2a8&oh=00_AQKB9YNILO0Yrf-XUUe0YZmy2w4eXUPT10LG3pom379urw&oe=6AA2AD89
823942969537351	https://scontent-sin6-1.xx.fbcdn.net/v/t39.30808-6/482236399_1095573179040994_8667191654521698135_n.jpg?stp=dst-jpg_tt6&cstp=mx2000x2000&ctp=s2000x2000&_nc_cat=111&ccb=1-7&_nc_sid=f727a1&_nc_eui2=AeEt0wGKR8dMBCYi-09ULkG-N5T71NjhZZM3lPvU2OFlkybZc1JLZ_Qnq1w7Edew8Oc1hYW5LZa_zqABeO6UX1zk&_nc_ohc=9FcS-h57OXYQ7kNvwG3rJS8&_nc_oc=AdruL1M4ZDEEmn9WQhCHsT2PCIqOCcLNoIdN2xOqGx3AsRGNKa4tA1Xg4RQ8ZNbY3_Y&_nc_zt=23&_nc_ht=scontent-sin6-1.xx&_nc_gid=lLTdk9WZ8X5yE2j3_JP_5g&_nc_ss=7b2a8&oh=00_AQI9qp5VxL2QCh4luYiG9iKMUfSbe39Q1Zh1dZdRWv86Cw&oe=6AA2808D
823943002870681	https://scontent-sin2-2.xx.fbcdn.net/v/t39.30808-6/482216967_1095573199040992_6812172973217418061_n.jpg?stp=dst-jpg_tt6&cstp=mx2000x2000&ctp=s2000x2000&_nc_cat=103&ccb=1-7&_nc_sid=f727a1&_nc_eui2=AeFzG6hJaPUgNDLUY8xenteBtcq7AWD8uuO1yrsBYPy64-IaU4NVPpTj2RwReKZ0Wlcr6qfL-N2Nc4Kyq5xuCZbd&_nc_ohc=KTgUndP8_JoQ7kNvwEme5S8&_nc_oc=AdpApEtn4MjkCariv6xvL-Efvw8gBvNOBEB-ugi0-GR3502grEX0eGLO1Td2frK4Fmc&_nc_zt=23&_nc_ht=scontent-sin2-2.xx&_nc_gid=SdqgZHHVGeTLxto-42KL-A&_nc_ss=7b2a8&oh=00_AQLk0GlYNckSQxwW4Zky2P_Rq6OYnesvGIyqJ_asArRyDw&oe=6AA28F62
853289219936059	https://scontent-sin6-2.xx.fbcdn.net/v/t39.30808-6/483736652_1096741942257451_883401161475190300_n.jpg?stp=dst-jpg_tt6&cstp=mx2000x2000&ctp=s2000x2000&_nc_cat=109&ccb=1-7&_nc_sid=f727a1&_nc_eui2=AeEAeBDkSiFBwN-EdvvGLBAhc69a2uQN89xzr1ra5A3z3FAiVlAJ7bK6E3iKqxxsFf_24CvR3Q6OUB1eVFMIollJ&_nc_ohc=1hSk9PNl9i4Q7kNvwFWwU2k&_nc_oc=AdqvsagI_Vjq_PXd2LKDr0jR5nOJR-GcQpK0uTeq4F2GG4bm9olVb3mcxn9PCizLB9A&_nc_zt=23&_nc_ht=scontent-sin6-2.xx&_nc_gid=XXDHAdjb4FwZoKgj67yxQA&_nc_ss=7b2a8&oh=00_AQKxL8yE-9tF-10uBTz1jmlyTZTILsTEwBiWioI3YeB-MA&oe=6AA2AD38
853289259936055	https://scontent-sin6-3.xx.fbcdn.net/v/t39.30808-6/484368514_1096742038924108_4691089022081275506_n.jpg?stp=dst-jpg_tt6&cstp=mx2000x2000&ctp=s2000x2000&_nc_cat=110&ccb=1-7&_nc_sid=f727a1&_nc_eui2=AeGqGizGnsptjQMRlxFt03ETwGMDzjc97tTAYwPONz3u1Cf9imcB91yivhp-rt3vfqpouRj4n8F34aj0-t4_N7Ly&_nc_ohc=OAU6QlBLdhoQ7kNvwEEOy79&_nc_oc=AdrURfG5ojAwWsp5F40aCTch2aOvOAEniQgb4n7TXtlyJfMEj9Lcb7_lD_9YWeICFME&_nc_zt=23&_nc_ht=scontent-sin6-3.xx&_nc_gid=p1eJJWtIhdVv799hZ8seBg&_nc_ss=7b2a8&oh=00_AQJPDK6P_0Sh0KwmWkS-RLN4dCZM5ii4J8UISmHQKH4ZUA&oe=6AA28CC6
853289263269388	https://scontent-sin11-2.xx.fbcdn.net/v/t39.30808-6/483879555_1096741805590798_1758309365791486168_n.jpg?stp=dst-jpg_tt6&cstp=mx2000x2000&ctp=s2000x2000&_nc_cat=101&ccb=1-7&_nc_sid=f727a1&_nc_eui2=AeFR5vQOS2A_GVA9LHVVDdm6DuxBi_BIeusO7EGL8Eh66yHXuKFDTHHG5h9PSQmkEWhjaKchXZE4leaiOTw0I1Pc&_nc_ohc=R8Zv2sVOm8UQ7kNvwG-kgSe&_nc_oc=Adozzo4TidbUD87La8VRE40boHmCiwq1FN7q78xAptb-OOhQZYfp4P2zJvAaWtvIbz0&_nc_zt=23&_nc_ht=scontent-sin11-2.xx&_nc_gid=uFUos7n9DGlzvMk1W3GkQg&_nc_ss=7b2a8&oh=00_AQLwE76MF7tq775uOwPnyK2pqNjBcQbLGCCSqOR7NjDZDQ&oe=6AA29EEE
866515508613430	https://scontent-sin11-1.xx.fbcdn.net/v/t39.30808-6/484127697_1097163992215246_8431320643787806455_n.jpg?stp=dst-jpg_tt6&cstp=mx2048x2048&ctp=s2048x2048&_nc_cat=105&ccb=1-7&_nc_sid=f727a1&_nc_eui2=AeFIaF_tMZ63uvEt1Nr7Zh4BQT9-DLPXdiBBP34Ms9d2IG0rNLsU7RB1NicRbXmyL9ZJynJEe00Bi6QI5YNxUVFg&_nc_ohc=lVj6rPk4S6EQ7kNvwHtrhNd&_nc_oc=AdozCx-pcLAPnm-4YpjW-JzcQNyVWNXoe2q4q8QE6oooNsSN90InctguTT62dFGQyD0&_nc_zt=23&_nc_ht=scontent-sin11-1.xx&_nc_gid=d4DUmw5Pu8fP1jHBkXIteA&_nc_ss=7b2a8&oh=00_AQIA94mHBDIlsDs5eRJLWGEVgHIel4Zxl8rwpk5vLJDAsA&oe=6AA2A4DE
866515568613424	https://scontent-sin11-1.xx.fbcdn.net/v/t39.30808-6/484784740_1097164298881882_9161945865565288563_n.jpg?stp=dst-jpg_tt6&cstp=mx2048x2048&ctp=s2048x2048&_nc_cat=105&ccb=1-7&_nc_sid=f727a1&_nc_eui2=AeG2BQYJsImrV3Z1saHief_wpNeWtbWt082k15a1ta3TzZdyEORp362cz04HdkUo-9qbx75571GNlNKYPsQljRmG&_nc_ohc=NfqF_0zHYi8Q7kNvwH3lzwD&_nc_oc=Adobrs2Op6H5bqe6rxWHj_eWCdfIApKIV3W2V1VJ_aHSNfceWAtySFlaEJAqzEFsnW0&_nc_zt=23&_nc_ht=scontent-sin11-1.xx&_nc_gid=zaGJXDTHtmNHTU6WoVq83w&_nc_ss=7b2a8&oh=00_AQI4iGb_d9DD_apC2mLbkYbWpPHiZAnR_UR-PKqfNwfD1A&oe=6AA2AF90
866515595280088	https://scontent-sin11-1.xx.fbcdn.net/v/t39.30808-6/484218845_1097164365548542_6174209664883005899_n.jpg?stp=dst-jpg_tt6&cstp=mx2048x2048&ctp=s2048x2048&_nc_cat=105&ccb=1-7&_nc_sid=f727a1&_nc_eui2=AeEPJ_9v9dv32Wlx2ejQXxfc4YUMjvwv18zhhQyO_C_XzCNHAsgH1pxG3R2uAENbhcK7NRA78AKVxrJi2_MOpN7V&_nc_ohc=yfRPb4e1pUUQ7kNvwHfZ-t3&_nc_oc=AdrsyDeO-WJge8qkfH_WB1X1L53wYLWtjSaJ1bS4J1pl5q1netDAxtaeg5QEn-MDt5g&_nc_zt=23&_nc_ht=scontent-sin11-1.xx&_nc_gid=s0CKxpzlzh-GxZHY99BNUw&_nc_ss=7b2a8&oh=00_AQKvvjmFejQ9r_FEO3FX_st5Wn0FWy2L7crJnJO4gt2a-w&oe=6AA29429
866515535280094	https://scontent-sin11-2.xx.fbcdn.net/v/t39.30808-6/483914594_1097164328881879_191946345457836176_n.jpg?stp=dst-jpg_tt6&cstp=mx2048x2048&ctp=s2048x2048&_nc_cat=101&ccb=1-7&_nc_sid=f727a1&_nc_eui2=AeFcyaUT9DsSK9oYQhLRAHVn398sx6JUMw7f3yzHolQzDu6uqCk1HcQWm6gx6npe-5B2aBF37fWuIxaOqnfYXXrg&_nc_ohc=miSK-IziG2UQ7kNvwECq8c6&_nc_oc=AdpOzhn9FFUBzHt9PWoQ5QwYjFLp5S8uHFDX-HPTZD8otd2UQQ-C6TjC_PgrAGsUekg&_nc_zt=23&_nc_ht=scontent-sin11-2.xx&_nc_gid=zID4Ck47X2XcNg91viZ5ZA&_nc_ss=7b2a8&oh=00_AQLLWQMND0rXhPEyn5hN33BSAjQZvmdAtgIp_lLVSNTbpA&oe=6AA29797
866515685280079	https://scontent-sin2-1.xx.fbcdn.net/v/t39.30808-6/483763153_1097164288881883_4360325310530006325_n.jpg?stp=dst-jpg_tt6&cstp=mx2048x2048&ctp=s2048x2048&_nc_cat=102&ccb=1-7&_nc_sid=f727a1&_nc_eui2=AeEFI6dOPljv2DZvdSfh1qWGbYJ19dSFT1RtgnX11IVPVBeJoxZRrzjvFw4zkSsYTtsOhHtblcla52jd_p6P5QfW&_nc_ohc=rGFcmyejp6UQ7kNvwF8OQVv&_nc_oc=AdrzBPJ3tuyQ9wC_Xh9f5ubX4JqNWK6Trcz9vEhlinldg0gS0KiP3NiLmLxew5OfHe4&_nc_zt=23&_nc_ht=scontent-sin2-1.xx&_nc_gid=j3XASRtI9ct4mBvBudSZvQ&_nc_ss=7b2a8&oh=00_AQJMh5C07vQcS_8Lj5Fme7dZf0Qvwp2iCwAzn0lwpA4FJw&oe=6AA2A483
866515715280076	https://scontent-sin11-2.xx.fbcdn.net/v/t39.30808-6/484792868_1097164325548546_2001188660918197912_n.jpg?stp=dst-jpg_tt6&cstp=mx2048x2048&ctp=s2048x2048&_nc_cat=101&ccb=1-7&_nc_sid=f727a1&_nc_eui2=AeFJPNnksyLGoCfXQReg-qvPKsvYKQ-wyhUqy9gpD7DKFUc1tYhRsREKY5WSgLrrZxBtB3mh6lpT1D-L5TEou3TL&_nc_ohc=-U_CY5CiQAAQ7kNvwFestUb&_nc_oc=AdqbIxYeOhHJGtuERSw8I-TCkgb1YW2M0jIut0CtgmLN15kL9g8ijEOxcmq7xeyKLhU&_nc_zt=23&_nc_ht=scontent-sin11-2.xx&_nc_gid=6rYm2FrxMoDyAc3hKrMrBg&_nc_ss=7b2a8&oh=00_AQKow8E8haTF37ek8V8L4iM_xpEOEwRT3JUzKxzgdtL5-Q&oe=6AA2ADE7
866515775280070	https://scontent-sin6-3.xx.fbcdn.net/v/t39.30808-6/481042134_1097164388881873_2072957928326605933_n.jpg?stp=dst-jpg_tt6&cstp=mx2048x2048&ctp=s2048x2048&_nc_cat=106&ccb=1-7&_nc_sid=f727a1&_nc_eui2=AeGVRzHY6SNDUgv5Lsg9SQs2p2jP2cMqjuCnaM_ZwyqO4Hj4KDVvaVjoY4rNh56WZ25IK95uj47xXGyVpE0cH53z&_nc_ohc=NIEpOp6i-SIQ7kNvwEJMQJf&_nc_oc=Adrr5kWvBZi-dR0aFeunsVqfu0xkTajZgYvGoP6fXgIyFctPD5WzdmvqTNSoDH_8wKY&_nc_zt=23&_nc_ht=scontent-sin6-3.xx&_nc_gid=5xtVePkssEWncHuWSL4JFQ&_nc_ss=7b2a8&oh=00_AQLcpI_PIEuJe0Or0bOrrV_cNyuEmqDVZ7tT2tYri3h4Cg&oe=6AA2A248
877082134223434	https://scontent-sin6-1.xx.fbcdn.net/v/t39.30808-6/484643536_1097425252189120_557986052102618918_n.jpg?stp=dst-jpg_tt6&cstp=mx1080x1080&ctp=s1080x1080&_nc_cat=111&ccb=1-7&_nc_sid=f727a1&_nc_eui2=AeEpH6gq8KjPy_SL674gzv1fR1gXmmCsUj9HWBeaYKxSP3FV4dWc-v8IFrWRz3M4qhxN5CzqR-KDjwD_1iz-NEKe&_nc_ohc=HKVMl5inScEQ7kNvwFqkWgE&_nc_oc=AdpjivZpYNWAnj7ua79Vge1t1Nz2nC97vIK2Hyfv8zzJVsTbWZN-gFtyLBcGc_9q2b0&_nc_zt=23&_nc_ht=scontent-sin6-1.xx&_nc_gid=dF4lAEErdn7zyy2N-Pid3Q&_nc_ss=7b2a8&oh=00_AQI02UiNXL2nSMvFdIveT2cjJ2Fn_f8lluHjphBL3kFW_g&oe=6AA2ACCE
941806877750959	https://scontent-sin2-2.xx.fbcdn.net/v/t39.30808-6/484803626_1099560261975619_4103733028065826100_n.jpg?stp=dst-jpg_tt6&cstp=mx678x960&ctp=s678x960&_nc_cat=103&ccb=1-7&_nc_sid=f727a1&_nc_eui2=AeFGEYXN4XFBNrAoIFJOyWF7w_oQLjqfykfD-hAuOp_KR3ytnfILdcUOc14MxF-F_gy6y7edBydrcDJX-nnXDxXY&_nc_ohc=1WhQubIC1V4Q7kNvwHjAwzG&_nc_oc=AdojsiKwMerjLUWIMRx09_CyhLFbC6duPmLBdLwR8ZqymqYBi2Ipc2zqFqdPVSK3L2s&_nc_zt=23&_nc_ht=scontent-sin2-2.xx&_nc_gid=yMqDyQiFNmWs1fmz6Av5uQ&_nc_ss=7b2a8&oh=00_AQLuwb2gA6ATyvwsPZsec14yJpAMnPleiMjRN1NIxUkSIw&oe=6AA29257
941806927750954	https://scontent-sin2-1.xx.fbcdn.net/v/t39.30808-6/484301453_1099560391975606_8955728770053746882_n.jpg?stp=dst-jpg_tt6&cstp=mx679x960&ctp=s679x960&_nc_cat=100&ccb=1-7&_nc_sid=f727a1&_nc_eui2=AeEu2ZNvuXodQuBGsEvbrDQhbu4mfNpxdgRu7iZ82nF2BG10hSv8Hoaz5tyHM7HoblEM11m5ZSOkWFjIRXTK6FwW&_nc_ohc=S_IqDzH7AJcQ7kNvwHhfhGb&_nc_oc=AdpbRYXi5nzjfwNqSjho5DcbAytolK_SxxV2ilo8p60t7XY6OAVhsB6-cL_7p3cylQM&_nc_zt=23&_nc_ht=scontent-sin2-1.xx&_nc_gid=URv1wQqtNlHEfnxdrYADBA&_nc_ss=7b2a8&oh=00_AQJ6ad7VnhO14n397BIQG6aoKkQC2zy2dNdYNVk8lfdjkg&oe=6AA28AFE
941806947750952	https://scontent-sin6-1.xx.fbcdn.net/v/t39.30808-6/483941060_1099560235308955_2826963464664925248_n.jpg?stp=dst-jpg_tt6&cstp=mx679x960&ctp=s679x960&_nc_cat=111&ccb=1-7&_nc_sid=f727a1&_nc_eui2=AeGFwIZ9HXiRUN8KcAYLIsX-f5jUSwza8S5_mNRLDNrxLkJn6CPgttxWHYqlN6H6BL9WX93RDF4QnlbglDiHe8rm&_nc_ohc=YUbrcG8P70YQ7kNvwE15Qky&_nc_oc=AdqjT1h71bBc3S66FiUh3hcQHEdq3Pplo-CidXCAxUOKGjxC9F_S0yPy_hVnaLOMVik&_nc_zt=23&_nc_ht=scontent-sin6-1.xx&_nc_gid=SObRL9wqjg9EqggxIweLhA&_nc_ss=7b2a8&oh=00_AQK8gaVQEABppMJRIPBM0Ug2itepjlqbUWx_SNAXU2v9Ww&oe=6AA2915D
941806864417627	https://scontent-sin11-1.xx.fbcdn.net/v/t39.30808-6/484656429_1099560231975622_7480295347625352050_n.jpg?stp=dst-jpg_tt6&cstp=mx679x960&ctp=s679x960&_nc_cat=104&ccb=1-7&_nc_sid=f727a1&_nc_eui2=AeFnkrP0ITwi5o0do-hVTCCvjL0iV9IOSEmMvSJX0g5ISX1Qk1LetQwQPF3n7bN6gKucpdkekqJbYReHIjJNQ8gv&_nc_ohc=7lsf5i5OsAwQ7kNvwH6m7B1&_nc_oc=Adosi4igvsVwf1t1MbjAwBftS5ACen7Lj2YccwLzr9HlWf_iuxpN3QwKhUhKZiTFXjc&_nc_zt=23&_nc_ht=scontent-sin11-1.xx&_nc_gid=dXFktpyvvjOnrdfDndiQNg&_nc_ss=7b2a8&oh=00_AQLZ4LfBbIP_YTAOuit_v-wnrLMw5B9h4Iq265RLIF6eWA&oe=6AA2A64A
954942519770728	https://scontent-sin11-2.xx.fbcdn.net/v/t39.30808-6/484470257_1099915605273418_4890833491903185065_n.jpg?stp=cp6_dst-jpg_tt6&cstp=mx678x942&ctp=s678x942&_nc_cat=101&ccb=1-7&_nc_sid=f727a1&_nc_eui2=AeEB-8Av69jkWMKf0wsDCZSfZVpEWZCkD9hlWkRZkKQP2E4WeNCh6RDWZS1O_iyVZyohj3D3BHYjWoFmD7yBH3aq&_nc_ohc=VpfxbSMT9_UQ7kNvwGPzDgV&_nc_oc=AdqIsR0fTstkahncg4r4yaeJ-7myZFz3_hoJYvI1JFwOQJjRAIsHHYsG1OmuDFq3pJw&_nc_zt=23&_nc_ht=scontent-sin11-2.xx&_nc_gid=HXmovWD5uMJ-VOP50VwvLw&_nc_ss=7b2a8&oh=00_AQJP1TuFMacGz5cSaWrMhZx-RBS9b8nJuv6aHRai6XUN4g&oe=6AA2A64C
954942523104061	https://scontent-sin11-1.xx.fbcdn.net/v/t39.30808-6/483102017_1099915635273415_2434975037758546522_n.jpg?stp=cp6_dst-jpg_tt6&cstp=mx670x950&ctp=s670x950&_nc_cat=105&ccb=1-7&_nc_sid=f727a1&_nc_eui2=AeGBcaU3yLmvPEGtxe7-EWGNn5ikmk9rRVOfmKSaT2tFU37wc9H6X5QJlL_TzDTtyvL0ymPzHZJSVNf3bOfKHpB0&_nc_ohc=M-h-op41dCoQ7kNvwEi71Ti&_nc_oc=AdqeAL1SHi3S65x03I8yvydLmUfdA-5-ynWjYfeBYfqUQDuf98bqtyq4Nk6GdbqG3_s&_nc_zt=23&_nc_ht=scontent-sin11-1.xx&_nc_gid=ZWUymKXFIyAV27TquWb3PQ&_nc_ss=7b2a8&oh=00_AQKDtSjGqvk2OjbPY35zievRSyx99OLDgX-FKioMQGNbXg&oe=6AA2A402
954942589770721	https://scontent-sin2-1.xx.fbcdn.net/v/t39.30808-6/484891770_1099915755273403_3553356325580692052_n.jpg?stp=cp6_dst-jpg_tt6&cstp=mx676x948&ctp=s676x948&_nc_cat=102&ccb=1-7&_nc_sid=f727a1&_nc_eui2=AeGiGXq9hUR58vcFZV136nV0pbnlMAGbhvOlueUwAZuG8xx2AjZghoi_MTHec6oYPYPkslQ3-m1zj1_YeZkaKe1D&_nc_ohc=ISWiIrdjQxsQ7kNvwHjIXyn&_nc_oc=Adp5JGSz4ouqQp_gxE89-UulC8HPflbX7HVWSKTq_cs4a8zrPL0KdrinG7A6I_hizSw&_nc_zt=23&_nc_ht=scontent-sin2-1.xx&_nc_gid=d1rCtWAVQf78QG1T3ZTmCw&_nc_ss=7b2a8&oh=00_AQKOhJGlxi4NCBxZikZ_ouAjCtlREnBq5FMHyqaE01uBag&oe=6AA28393
954942593104054	https://scontent-sin2-3.xx.fbcdn.net/v/t39.30808-6/484366532_1099915475273431_4258943758238799329_n.jpg?stp=cp6_dst-jpg_tt6&cstp=mx672x960&ctp=s672x960&_nc_cat=107&ccb=1-7&_nc_sid=f727a1&_nc_eui2=AeF-zIjc9iHFLR2zSv2KapexSQymaFDB7wxJDKZoUMHvDIasip1WhloZ3HKzo9djRpUPgYyqlLYy77dKdnNklAA5&_nc_ohc=v9FOIOCUv7AQ7kNvwHbAKvW&_nc_oc=AdqiAM2HJKa7tOk6cTefp5HjBrNBkroZoN7TNr23f21nNoaSmVFOuSEvtjURtciuBlg&_nc_zt=23&_nc_ht=scontent-sin2-3.xx&_nc_gid=vuVRiBAj_dKZsVMVeibRag&_nc_ss=7b2a8&oh=00_AQKCgI1qIcsN2LZS4xbcw6Q0EDpVdQoOQtA_PHnM0Q6KWQ&oe=6AA2896F
954942603104053	https://scontent-sin6-1.xx.fbcdn.net/v/t39.30808-6/484967164_1099915708606741_2869639826378801868_n.jpg?stp=cp6_dst-jpg_tt6&cstp=mx670x952&ctp=s670x952&_nc_cat=111&ccb=1-7&_nc_sid=f727a1&_nc_eui2=AeFDEn1dLkoBOFZYL-ZlcHf0XvHzu0B2PZZe8fO7QHY9loo9FOrHlkD5J-jWUPV5-2_vRDqE6rmlE8apRSBxxRRZ&_nc_ohc=Pp6hF_I45iUQ7kNvwEiR-ul&_nc_oc=AdpwMJQgs_FRZt71qRry5d1xUhDFeS2SoVggFSicLBEThUl6KXdMPOyUfyBAIAGqroA&_nc_zt=23&_nc_ht=scontent-sin6-1.xx&_nc_gid=hCefPKSRaprPNO6MCJSUUw&_nc_ss=7b2a8&oh=00_AQLb2ISJu-NWIQ59FNXYZah3idfglPl2GiF2rAxJ2AQOBg&oe=6AA29EB1
954942663104047	https://scontent-sin11-1.xx.fbcdn.net/v/t39.30808-6/484723023_1099915721940073_8446475559793547586_n.jpg?stp=cp6_dst-jpg_tt6&cstp=mx668x928&ctp=s668x928&_nc_cat=105&ccb=1-7&_nc_sid=f727a1&_nc_eui2=AeE0xywDc1q8iRhrnQSzEpzg24Zgh55NaPrbhmCHnk1o-sYoS_bLXIVpTEwCCPENoxx2q0wiCIRdDW1kEMi0hwvT&_nc_ohc=-Na9FPRXIC4Q7kNvwHBx41x&_nc_oc=AdoKjy_IocEVTtsrzifdzrOQg19jInIttKAv5HjCIjpb_osfyKuTqYP8x1gaZz5rHeE&_nc_zt=23&_nc_ht=scontent-sin11-1.xx&_nc_gid=BHV3h0KhSMbHderfHOuqqA&_nc_ss=7b2a8&oh=00_AQIcVX7xzgQBNJUib6OnzJTTFvRfmAHKyL8lqZLn1O9ZFg&oe=6AA29C6F
954942679770712	https://scontent-sin11-2.xx.fbcdn.net/v/t39.30808-6/484335985_1099915875273391_5610675124217871269_n.jpg?stp=cp6_dst-jpg_tt6&cstp=mx676x958&ctp=s676x958&_nc_cat=108&ccb=1-7&_nc_sid=f727a1&_nc_eui2=AeGNUAy2gRBKtgBw9peNb17JLfyGj9xRTjUt_IaP3FFONW7E6R4SCO4Xi8qXrVxF80yyPhYwvhPNVOy-d_wlDvI1&_nc_ohc=15YisE6_f3gQ7kNvwFQIx0H&_nc_oc=AdolkkqJSWvlZBUGsxqm8xbu1BvqTJyC-36C-Lwg3BwVj51cj4wTqilVUI4jDiuu7QU&_nc_zt=23&_nc_ht=scontent-sin11-2.xx&_nc_gid=hENrB2za5e9BPDt7vuSYpw&_nc_ss=7b2a8&oh=00_AQJrGUONZyvuxl6E4iu5vdVhuKWB2H-qdn4KrtmLuLD3DQ&oe=6AA28100
954942693104044	https://scontent-sin2-3.xx.fbcdn.net/v/t39.30808-6/484720488_1099915581940087_911593017585351784_n.jpg?stp=cp6_dst-jpg_tt6&cstp=mx678x950&ctp=s678x950&_nc_cat=107&ccb=1-7&_nc_sid=f727a1&_nc_eui2=AeE46Va44uotLZ4AJyIcAKmZInckJue_BuAidyQm578G4BTa7jTKFVIG-AIdpMLYbXzXcjV1X5wiMLbR2DiEOdCp&_nc_ohc=oIGf3jU-tuwQ7kNvwH5GdFl&_nc_oc=AdoLcyL6kIbi3WDHW765wFewwPCVPdC6dUpsSvt_VsPQAoTL22RSoEBc1r_SWCRyslU&_nc_zt=23&_nc_ht=scontent-sin2-3.xx&_nc_gid=f_LxGtdXvUJlVmfI973JQg&_nc_ss=7b2a8&oh=00_AQJFKuFnrgQWOz5O0wqZODtmNc1ik8WTunn_EHbcXhchMA&oe=6AA298FE
954942769770703	https://scontent-sin2-2.xx.fbcdn.net/v/t39.30808-6/484353725_1099915705273408_3528903862841331288_n.jpg?stp=cp6_dst-jpg_tt6&cstp=mx654x926&ctp=s654x926&_nc_cat=103&ccb=1-7&_nc_sid=f727a1&_nc_eui2=AeH8v2bN_5xoO-G-T665iYchuEaIkgqAAOK4RoiSCoAA4t7791rg7FvZml4S78g0dPEJ8VBj_1LzL2i79OPQ9BHh&_nc_ohc=qu2k7jLYcXMQ7kNvwHsXgtT&_nc_oc=Adrr3jVXlOHpklVMcCrVkibCQ1kQSONCCI4B68xpLQiVptagTTMyR9ZL1Qw5Zjn5wTk&_nc_zt=23&_nc_ht=scontent-sin2-2.xx&_nc_gid=MbmXZdhJczQY6G_8qPXGgA&_nc_ss=7b2a8&oh=00_AQI9IqIDEtW0lDU6Wskh67JGTFXqpD5WXuzWFCNs5TlMSA&oe=6AA29270
